id	preferred_term	identifier	mapping_status	ontology_id	ontology_source	mapping_quality	occurrences	parent_ingredient	variant_type
mediadive.ingredient:2191	--Chloramphenicol		UNMAPPED				1		
mediadive.ingredient:2119	6-methylnicotinate		UNMAPPED				1		
mediadive.ingredient:1764	84 g/L NaHCO3 solution		UNMAPPED				1		
mediadive.ingredient:1070	Aminoacids		UNMAPPED				1		
mediadive.ingredient:1140	Amphotericin		UNMAPPED				1		
mediadive.ingredient:1473	Anaerobe Basal Broth CM0957		UNMAPPED				1		
mediadive.ingredient:1238	B12		UNMAPPED				1		
mediadive.ingredient:2135	Bacto Bitone		UNMAPPED				1		
mediadive.ingredient:1460	Bacto Heart Infusion Broth		UNMAPPED				1		
mediadive.ingredient:1896	Bacto m TGE broth		UNMAPPED				1		
mediadive.ingredient:2134	Bacto Panton		UNMAPPED				1		
mediadive.ingredient:1989	Basal mineral NaCl medium		UNMAPPED				1		
mediadive.ingredient:1732	Basal salts solution		UNMAPPED				1		
mediadive.ingredient:2130	Blood Agar Base		UNMAPPED				1		
mediadive.ingredient:2111	Blood agar No 2		UNMAPPED				1		
mediadive.ingredient:2112	Bordet-Gengou-Agar-Base		UNMAPPED				1		
mediadive.ingredient:481	Bovine horn meal		UNMAPPED				1		
mediadive.ingredient:2098	Bovine serum		UNMAPPED				1		
mediadive.ingredient:1136	Brucella Broth		UNMAPPED				1		
mediadive.ingredient:1552	Carbon source solution		UNMAPPED				1		
mediadive.ingredient:2099	Casman-Agar-Base		UNMAPPED				1		
mediadive.ingredient:1627	Cellobiose or Cellulose MN 300		UNMAPPED				1		
mediadive.ingredient:2417	Cellulose MN 300		UNMAPPED				1		
mediadive.ingredient:1587	CeNO33 x 6 H2O		UNMAPPED				1		
mediadive.ingredient:2361	Cereal leaves		UNMAPPED				1		
mediadive.ingredient:2360	Cerophyll		UNMAPPED				1		
mediadive.ingredient:1451	cholesterol lipid concentrate		UNMAPPED				1		
mediadive.ingredient:1680	CMRL 1066		UNMAPPED				1		
mediadive.ingredient:1506	Colloidal chitin		UNMAPPED				1		
mediadive.ingredient:2363	Complan		UNMAPPED				1		
mediadive.ingredient:2075	Corn steep powder		UNMAPPED				1		
mediadive.ingredient:1707	Cow manure		UNMAPPED				1		
mediadive.ingredient:1977	CrKSO42 x 12 H2O		UNMAPPED				1		
mediadive.ingredient:1610	Czapek-Dox liquid medium		UNMAPPED				1		
mediadive.ingredient:2126	dehydrated RCM medium		UNMAPPED				1		
mediadive.ingredient:2095	dehydrated Wilkins-Chalgren medium		UNMAPPED				1		
mediadive.ingredient:2375	Desicatted Ox-bile		UNMAPPED				1		
mediadive.ingredient:728	Diced potato		UNMAPPED				1		
mediadive.ingredient:2177	Dichloran-Glycerol-agar base		UNMAPPED				1		
mediadive.ingredient:2132	Difco 0001		UNMAPPED				1		
mediadive.ingredient:530	Difco marine broth		UNMAPPED				1		
mediadive.ingredient:725	Dung extract		UNMAPPED				1		
mediadive.ingredient:1953	EBIOS		UNMAPPED				1		
mediadive.ingredient:1079	Fastidious Anaerobe Basal Broth		UNMAPPED				1		
mediadive.ingredient:1742	FeSO43 x n H2O		UNMAPPED				1		
mediadive.ingredient:408	Fresh egg mixture		UNMAPPED				1		
mediadive.ingredient:1620	GAM broth		UNMAPPED				1		
mediadive.ingredient:1564	GAM Broth mod. powder		UNMAPPED				1		
mediadive.ingredient:1563	GAM Broth powder		UNMAPPED				1		
mediadive.ingredient:2428	Gamborg B5 Medium incl. Vitamins		UNMAPPED				1		
mediadive.ingredient:1928	Glycine-NaOH buffer		UNMAPPED				1		
mediadive.ingredient:1382	Grace's Insect Medium		UNMAPPED				1		
mediadive.ingredient:1618	GYP-sodium acetate-mineral salts broth		UNMAPPED				1		
mediadive.ingredient:1250	H3BO4		UNMAPPED				1		
mediadive.ingredient:915	HBO3		UNMAPPED				1		
mediadive.ingredient:1104	Heart Infusion Broth		UNMAPPED				1		
mediadive.ingredient:1141	Homo-PIPES		UNMAPPED				1		
mediadive.ingredient:1740	Horikoshi-I medium		UNMAPPED				1		
mediadive.ingredient:1875	Hy-Case Amino		UNMAPPED				1		
mediadive.ingredient:1069	IMDM-Medium		UNMAPPED				1		
mediadive.ingredient:930	Infusion Broth		UNMAPPED				1		
mediadive.ingredient:977	Isovitalex		UNMAPPED				1		
mediadive.ingredient:1467	ISP 7 Medium		UNMAPPED				1		
mediadive.ingredient:283	K-phosphate buffer		UNMAPPED				1		
mediadive.ingredient:1677	KH2PO3		UNMAPPED				1		
mediadive.ingredient:1504	L-15 medium		UNMAPPED				1		
mediadive.ingredient:2153	L-15 powder		UNMAPPED				1		
mediadive.ingredient:1860	L-Cysteine x HCl x H2O solution		UNMAPPED				1		
mediadive.ingredient:2136	Lab Lemco powder		UNMAPPED				1		
mediadive.ingredient:1711	Lactobacilli MRS broth		UNMAPPED				1		
mediadive.ingredient:1776	Lactobacillus MRS broth		UNMAPPED				1		
mediadive.ingredient:1586	LaNO33 x 6 H2O		UNMAPPED				1		
mediadive.ingredient:1624	Larchwood xylan		UNMAPPED				1		
mediadive.ingredient:2052	LB Broth		UNMAPPED				1		
mediadive.ingredient:1999	LB broth powder		UNMAPPED				1		
mediadive.ingredient:992	Leptospira Enrichment EMJH		UNMAPPED				1		
mediadive.ingredient:990	Leptospira Medium Base EMJH		UNMAPPED				1		
mediadive.ingredient:2431	Linsmaier & Skoog Medium including vitamins		UNMAPPED				1		
mediadive.ingredient:1410	lipoprotein concentrate		UNMAPPED				1		
mediadive.ingredient:935	Liver Concentrate		UNMAPPED				1		
mediadive.ingredient:575	Maize extract		UNMAPPED				1		
mediadive.ingredient:1985	Maize meal		UNMAPPED				1		
mediadive.ingredient:1112	Man Rogosa Sharp broth		UNMAPPED				1		
mediadive.ingredient:545	Marine Broth		UNMAPPED				1		
mediadive.ingredient:1607	Marine broth 2216		UNMAPPED				1		
mediadive.ingredient:491	Meat infusion		UNMAPPED				1		
mediadive.ingredient:1923	MEM alpha Modification		UNMAPPED				1		
mediadive.ingredient:1377	MEM-Medium		UNMAPPED				1		
mediadive.ingredient:1853	Menadione solution		UNMAPPED				1		
mediadive.ingredient:835	MES buffer		UNMAPPED				1		
mediadive.ingredient:2394	MES Hydrat		UNMAPPED				1		
mediadive.ingredient:615	Metall salt sol. 44		UNMAPPED				1		
mediadive.ingredient:1863	Methanol solution see below		UNMAPPED				1		
mediadive.ingredient:1633	Methanol-utilizing bacteria medium B		UNMAPPED				1		
mediadive.ingredient:1763	MgNO32 x 6 H2O		UNMAPPED				1		
mediadive.ingredient:1571	micronutrient solution		UNMAPPED				1		
mediadive.ingredient:1958	Mineral solution see Medium No. 976		UNMAPPED				1		
mediadive.ingredient:2071	MnCl4 x 6 H2O		UNMAPPED				1		
mediadive.ingredient:2051	MnII x EDTA		UNMAPPED				1		
mediadive.ingredient:2017	Modified trace vitamins		UNMAPPED				1		
mediadive.ingredient:1955	Modified Wolfe's minerals		UNMAPPED				1		
mediadive.ingredient:1899	MRS broth		UNMAPPED				1		
mediadive.ingredient:1626	MRS medium		UNMAPPED				1		
mediadive.ingredient:2429	Murashige & Skoog medium		UNMAPPED				1		
mediadive.ingredient:2139	Mycobactine J		UNMAPPED				1		
mediadive.ingredient:1608	N-Z amine		UNMAPPED				1		
mediadive.ingredient:2439	N-Z-Amine® A		UNMAPPED				1		
mediadive.ingredient:1829	N-Z-Case		UNMAPPED				1		
mediadive.ingredient:1417	Na-Nitrilotriacetat		UNMAPPED				1		
mediadive.ingredient:717	Na-phosphate buffer		UNMAPPED				1		
mediadive.ingredient:1524	Na-Phosphate-Buffer		UNMAPPED				1		
mediadive.ingredient:868	Na-tetrathionate		UNMAPPED				1		
mediadive.ingredient:2358	Na2 beta-glycerol PO4 x 5 H2O		UNMAPPED				1		
mediadive.ingredient:521	Na2-9,10-anthraquinone-2,6-disulfonate		UNMAPPED				1		
mediadive.ingredient:1651	Na2HPO4-KH2PO4 buffer		UNMAPPED				1		
mediadive.ingredient:1725	Na2HPO4-NaH2PO4 buffer		UNMAPPED				1		
mediadive.ingredient:891	Na2O4W x 2 H2O		UNMAPPED				1		
mediadive.ingredient:1482	Na3-NTA x H2O		UNMAPPED				1		
mediadive.ingredient:175	NaSiO3 x 9 H2O		UNMAPPED				1		
mediadive.ingredient:1462	NdCl3 x 6 H2O		UNMAPPED				1		
mediadive.ingredient:2364	Nutrient agar		UNMAPPED				1		
mediadive.ingredient:2129	OADC Enrichment		UNMAPPED				1		
mediadive.ingredient:502	Ox-bile		UNMAPPED				1		
mediadive.ingredient:1656	Oxgall		UNMAPPED				1		
mediadive.ingredient:2125	OXOID Legionella CYE-Agar base		UNMAPPED				1		
mediadive.ingredient:559	Pennassay Broth		UNMAPPED				1		
mediadive.ingredient:2026	Phosphates solution		UNMAPPED				1		
mediadive.ingredient:867	PIPES buffer		UNMAPPED				1		
mediadive.ingredient:1465	Plain flour		UNMAPPED				1		
mediadive.ingredient:2441	Plant Agar		UNMAPPED				1		
mediadive.ingredient:2081	Polar lipid fraction		UNMAPPED				1		
mediadive.ingredient:812	Poly hexamethylene carbonate		UNMAPPED				1		
mediadive.ingredient:2121	poly-ß-hydroxybutyric acid		UNMAPPED				1		
mediadive.ingredient:300	Poly[R-3-hydroxybutyric acid]		UNMAPPED				1		
mediadive.ingredient:953	PPLO broth		UNMAPPED				1		
mediadive.ingredient:1463	PrCl3 x H2O		UNMAPPED				1		
mediadive.ingredient:1924	Probumin Universal Grade		UNMAPPED				1		
mediadive.ingredient:460	Proteose yeastolate		UNMAPPED				1		
mediadive.ingredient:2092	Pulp of sour stone cherries		UNMAPPED				1		
mediadive.ingredient:1352	Putrescine 2 HCl		UNMAPPED				1		
mediadive.ingredient:1402	R2A Broth		UNMAPPED				1		
mediadive.ingredient:1769	Reinforced clostridial medium		UNMAPPED				1		
mediadive.ingredient:1893	Riboflavin solution see Medium No. 462		UNMAPPED				1		
mediadive.ingredient:145	Rumen fluid		UNMAPPED				1		
mediadive.ingredient:2362	Rye grass		UNMAPPED				1		
mediadive.ingredient:1880	Rye-bran		UNMAPPED				1		
mediadive.ingredient:1622	S6 medium		UNMAPPED				1		
mediadive.ingredient:1279	SABOURAUD- Glucose-Bouillon		UNMAPPED				1		
mediadive.ingredient:1143	Salt Solution I		UNMAPPED				1		
mediadive.ingredient:1144	Salt Solution II		UNMAPPED				1		
mediadive.ingredient:1684	Salts solution		UNMAPPED				1		
mediadive.ingredient:914	Se-acid		UNMAPPED				1		
mediadive.ingredient:2367	Sea salts		UNMAPPED				1		
mediadive.ingredient:1921	Selenite-tungstate solution see Medium No. 431		UNMAPPED				1		
mediadive.ingredient:925	Sigma Sea salts		UNMAPPED				1		
mediadive.ingredient:1281	Sigmacell alpha Type 50		UNMAPPED				1		
mediadive.ingredient:1139	Skirrow supplement		UNMAPPED				1		
mediadive.ingredient:1986	Small dried sardine		UNMAPPED				1		
mediadive.ingredient:2053	Sodium crotonate		UNMAPPED				1		
mediadive.ingredient:485	Solution A		UNMAPPED				1		
mediadive.ingredient:2443	Soya flour		UNMAPPED				1		
mediadive.ingredient:630	Standard I Broth		UNMAPPED				1		
mediadive.ingredient:2041	Steric solution		UNMAPPED				1		
mediadive.ingredient:2094	Sterile serum		UNMAPPED				1		
mediadive.ingredient:960	Swine serum		UNMAPPED				1		
mediadive.ingredient:1856	Thiamine solution see Medium No. 403		UNMAPPED				1		
mediadive.ingredient:805	TitaniumIII chloride		UNMAPPED				1		
mediadive.ingredient:1590	Titriplex1		UNMAPPED				1		
mediadive.ingredient:1413	TNM-FH Medium		UNMAPPED				1		
mediadive.ingredient:1705	Todd Hewitt Broth		UNMAPPED				1		
mediadive.ingredient:2371	Tomato extract		UNMAPPED				1		
mediadive.ingredient:1812	Trace element solution SL12		UNMAPPED				1		
mediadive.ingredient:1551	Trace metal solution		UNMAPPED				1		
mediadive.ingredient:897	Trace mineral solution		UNMAPPED				1		
mediadive.ingredient:1031	Trace minerals		UNMAPPED				1		
mediadive.ingredient:1883	Trace minerals see Medium No. 151		UNMAPPED				1		
mediadive.ingredient:1833	Trace minerals see Medium No. 197		UNMAPPED				1		
mediadive.ingredient:1982	Trace vitamins solution see Medium No. 284		UNMAPPED				1		
mediadive.ingredient:1530	Tropic Marine salt		UNMAPPED				1		
mediadive.ingredient:662	Tryptic Digest of beef heart		UNMAPPED				1		
mediadive.ingredient:1617	Trypticase soy agar		UNMAPPED				1		
mediadive.ingredient:1165	Tryptose-phosphate		UNMAPPED				1		
mediadive.ingredient:2163	Tryptose-phosphate broth		UNMAPPED				1		
mediadive.ingredient:1616	V8 canned vegetable juice		UNMAPPED				1		
mediadive.ingredient:579	Veal infusion broth		UNMAPPED				1		
mediadive.ingredient:1845	Vitamin B12 solution see Medium No. 403		UNMAPPED				1		
mediadive.ingredient:284	Vitamins solution		UNMAPPED				1		
mediadive.ingredient:2065	Vitamins-solution		UNMAPPED				1		
mediadive.ingredient:1138	Vitox		UNMAPPED				1		
mediadive.ingredient:2389	water distilled or tapwater		UNMAPPED				1		
mediadive.ingredient:2346	Wheat Grains		UNMAPPED				1		
mediadive.ingredient:1621	Whole egg		UNMAPPED				1		
mediadive.ingredient:2140	Wilkins Chalgrene Anaerobe Broth		UNMAPPED				1		
mediadive.ingredient:2093	Wilkins-Chalgren-Anaerobe-Broth		UNMAPPED				1		
mediadive.ingredient:1826	X10 Jamarin S		UNMAPPED				1		
mediadive.ingredient:2079	Yeast cell paste		UNMAPPED				1		
mediadive.ingredient:1507	Yeast Nitrogen Base		UNMAPPED				1		
mediadive.ingredient:1683	YM broth		UNMAPPED				1		
mediadive.ingredient:782	ß-NAD		UNMAPPED				1		
mediadive.ingredient:1340	ß-nicotinamide adenine dinucleotide		UNMAPPED				1		
mediadive.ingredient:2202	α-D-Glucose monohydrate		UNMAPPED				1		
