source_column	source_literal	target_curie	target_label	target_category	evidence_uri	curation_rationale
BacDive_Motility	0	METPO:1000703	non motile	biolink:OntologyClass	https://github.com/thackmann/MicrobeDecoder/blob/872726c257b39d14ffb1827df09127b5c8ef72bb/Shiny/MicrobeDecoder/preprocessing/functions.R#L116-L122|https://github.com/thackmann/MicrobeDecoder/blob/872726c257b39d14ffb1827df09127b5c8ef72bb/Shiny/MicrobeDecoder/preprocessing/dataPreprocessing.R#L34-L56|https://w3id.org/metpo/1000703	Exact field-scoped BacDive-origin code interpreted by the immutable MicrobeDecoder nonnumeric preprocessing route; all selected source cells and BacDive IDs match the local snapshot. A negative motility source value, not missing data. Type only the source-column/literal Attribute node and retain every original record-qualified source edge and evidence tier; no universal organism phenotype is asserted.
BacDive_Motility	1	METPO:1000702	motile	biolink:OntologyClass	https://github.com/thackmann/MicrobeDecoder/blob/872726c257b39d14ffb1827df09127b5c8ef72bb/Shiny/MicrobeDecoder/preprocessing/functions.R#L116-L122|https://github.com/thackmann/MicrobeDecoder/blob/872726c257b39d14ffb1827df09127b5c8ef72bb/Shiny/MicrobeDecoder/preprocessing/dataPreprocessing.R#L34-L56|https://w3id.org/metpo/1000702	Exact field-scoped BacDive-origin code interpreted by the immutable MicrobeDecoder nonnumeric preprocessing route; all selected source cells and BacDive IDs match the local snapshot. A positive motility source value; no particular locomotion mechanism is inferred. Type only the source-column/literal Attribute node and retain every original record-qualified source edge and evidence tier; no universal organism phenotype is asserted.
BacDive_Pathogenicity_animal	1	METPO:1004002	animal pathogen	biolink:OntologyClass	https://github.com/thackmann/MicrobeDecoder/blob/872726c257b39d14ffb1827df09127b5c8ef72bb/Shiny/MicrobeDecoder/preprocessing/functions.R#L116-L122|https://github.com/thackmann/MicrobeDecoder/blob/872726c257b39d14ffb1827df09127b5c8ef72bb/Shiny/MicrobeDecoder/preprocessing/dataPreprocessing.R#L34-L56|https://w3id.org/metpo/1004002	Exact field-scoped BacDive-origin code interpreted by the immutable MicrobeDecoder nonnumeric preprocessing route; all selected source cells and BacDive IDs match the local snapshot. A positive animal-pathogenicity source annotation, not an observed infection or specific host identity. Type only the source-column/literal Attribute node and retain every original record-qualified source edge and evidence tier; no universal organism phenotype is asserted.
BacDive_Pathogenicity_human	1	METPO:1004004	human pathogen	biolink:OntologyClass	https://github.com/thackmann/MicrobeDecoder/blob/872726c257b39d14ffb1827df09127b5c8ef72bb/Shiny/MicrobeDecoder/preprocessing/functions.R#L116-L122|https://github.com/thackmann/MicrobeDecoder/blob/872726c257b39d14ffb1827df09127b5c8ef72bb/Shiny/MicrobeDecoder/preprocessing/dataPreprocessing.R#L34-L56|https://w3id.org/metpo/1004004	Exact field-scoped BacDive-origin code interpreted by the immutable MicrobeDecoder nonnumeric preprocessing route; all selected source cells and BacDive IDs match the local snapshot. A positive human-pathogenicity source annotation, not an observed infection. Type only the source-column/literal Attribute node and retain every original record-qualified source edge and evidence tier; no universal organism phenotype is asserted.
BacDive_Pathogenicity_plant	1	METPO:1004003	plant pathogen	biolink:OntologyClass	https://github.com/thackmann/MicrobeDecoder/blob/872726c257b39d14ffb1827df09127b5c8ef72bb/Shiny/MicrobeDecoder/preprocessing/functions.R#L116-L122|https://github.com/thackmann/MicrobeDecoder/blob/872726c257b39d14ffb1827df09127b5c8ef72bb/Shiny/MicrobeDecoder/preprocessing/dataPreprocessing.R#L34-L56|https://w3id.org/metpo/1004003	Exact field-scoped BacDive-origin code interpreted by the immutable MicrobeDecoder nonnumeric preprocessing route; all selected source cells and BacDive IDs match the local snapshot. A positive plant-pathogenicity source annotation, not an observed infection or specific host identity. Type only the source-column/literal Attribute node and retain every original record-qualified source edge and evidence tier; no universal organism phenotype is asserted.
BacDive_Indole_test	+	METPO:1005011	indole test positive	biolink:OntologyClass	https://github.com/thackmann/MicrobeDecoder/blob/872726c257b39d14ffb1827df09127b5c8ef72bb/Shiny/MicrobeDecoder/preprocessing/functions.R#L116-L122|https://github.com/thackmann/MicrobeDecoder/blob/872726c257b39d14ffb1827df09127b5c8ef72bb/Shiny/MicrobeDecoder/preprocessing/dataPreprocessing.R#L34-L56|https://w3id.org/metpo/1005011	Exact field-scoped BacDive-origin code interpreted by the immutable MicrobeDecoder nonnumeric preprocessing route; all selected source cells and BacDive IDs match the local snapshot. A positive named-assay outcome; no direct chemical consumes or produces edge is licensed. Type only the source-column/literal Attribute node and retain every original record-qualified source edge and evidence tier; no universal organism phenotype is asserted.
BacDive_Indole_test	-	METPO:1005012	indole test negative	biolink:OntologyClass	https://github.com/thackmann/MicrobeDecoder/blob/872726c257b39d14ffb1827df09127b5c8ef72bb/Shiny/MicrobeDecoder/preprocessing/functions.R#L116-L122|https://github.com/thackmann/MicrobeDecoder/blob/872726c257b39d14ffb1827df09127b5c8ef72bb/Shiny/MicrobeDecoder/preprocessing/dataPreprocessing.R#L34-L56|https://w3id.org/metpo/1005012	Exact field-scoped BacDive-origin code interpreted by the immutable MicrobeDecoder nonnumeric preprocessing route; all selected source cells and BacDive IDs match the local snapshot. A negative named-assay outcome, not missing data or a global absence-of-production claim. Type only the source-column/literal Attribute node and retain every original record-qualified source edge and evidence tier; no universal organism phenotype is asserted.
BacDive_Voges_proskauer	+	METPO:1005017	Voges-Proskauer test positive	biolink:OntologyClass	https://github.com/thackmann/MicrobeDecoder/blob/872726c257b39d14ffb1827df09127b5c8ef72bb/Shiny/MicrobeDecoder/preprocessing/functions.R#L116-L122|https://github.com/thackmann/MicrobeDecoder/blob/872726c257b39d14ffb1827df09127b5c8ef72bb/Shiny/MicrobeDecoder/preprocessing/dataPreprocessing.R#L34-L56|https://w3id.org/metpo/1005017	Exact field-scoped BacDive-origin code interpreted by the immutable MicrobeDecoder nonnumeric preprocessing route; all selected source cells and BacDive IDs match the local snapshot. A positive named-assay outcome; no direct acetoin-production edge is licensed. Type only the source-column/literal Attribute node and retain every original record-qualified source edge and evidence tier; no universal organism phenotype is asserted.
BacDive_Voges_proskauer	-	METPO:1005018	Voges-Proskauer test negative	biolink:OntologyClass	https://github.com/thackmann/MicrobeDecoder/blob/872726c257b39d14ffb1827df09127b5c8ef72bb/Shiny/MicrobeDecoder/preprocessing/functions.R#L116-L122|https://github.com/thackmann/MicrobeDecoder/blob/872726c257b39d14ffb1827df09127b5c8ef72bb/Shiny/MicrobeDecoder/preprocessing/dataPreprocessing.R#L34-L56|https://w3id.org/metpo/1005018	Exact field-scoped BacDive-origin code interpreted by the immutable MicrobeDecoder nonnumeric preprocessing route; all selected source cells and BacDive IDs match the local snapshot. A negative named-assay outcome, not missing data or a global absence-of-production claim. Type only the source-column/literal Attribute node and retain every original record-qualified source edge and evidence tier; no universal organism phenotype is asserted.
FAPROTAX_Type_of_metabolism	chemoheterotrophy	METPO:1000636	chemoheterotrophic	biolink:OntologyClass	https://pages.uoregon.edu/slouca/LoucaLab/archive/FAPROTAX/SECTION_Download/MODULE_Downloads/CLASS_Latest%20release/UNIT_FAPROTAX_1.2.12/FAPROTAX_1.2.12.zip|https://w3id.org/metpo/1000636	FAPROTAX 1.2.12 line 9067 combines organic-carbon energy and carbon-source groups, matching the native trophic-type definition. Type the source-column/literal Attribute (original source-use edges remain record-scoped) via has_attribute_type, not an edge to a process or a global synonym. Preserve prediction/computational_model and original literal/citation; aerobic_chemoheterotrophy adds an unlicensed oxygen qualifier.
FAPROTAX_Type_of_metabolism	photoautotrophy	METPO:1000656	photoautotrophic	biolink:OntologyClass	https://pages.uoregon.edu/slouca/LoucaLab/archive/FAPROTAX/SECTION_Download/MODULE_Downloads/CLASS_Latest%20release/UNIT_FAPROTAX_1.2.12/FAPROTAX_1.2.12.zip|https://w3id.org/metpo/1000656|https://doi.org/10.1111/1751-7915.14552	FAPROTAX 1.2.12 lines 8238-8240 unite oxygenic and anoxygenic photoautotrophy, matching light energy and carbon-dioxide carbon in the native definition. Type the source-column/literal Attribute (original predicted source-use edges remain record-scoped) via has_attribute_type; do not collapse donor-specific or oxygen-qualified subgroups, mint a process assertion, or reclassify the native OntologyClass.
FAPROTAX_Type_of_metabolism	photoheterotrophy	METPO:1000657	photoheterotrophic	biolink:OntologyClass	https://pages.uoregon.edu/slouca/LoucaLab/archive/FAPROTAX/SECTION_Download/MODULE_Downloads/CLASS_Latest%20release/UNIT_FAPROTAX_1.2.12/FAPROTAX_1.2.12.zip|https://w3id.org/metpo/1000657|https://doi.org/10.1111/1751-7915.14552	FAPROTAX 1.2.12 line 8338 and its aerobic-anoxygenic subgroup describe light utilization with organic carbon, matching the native photoheterotrophic definition. Use has_attribute_type on the original source-column/literal Attribute with record-scoped predicted source-use edges. This does not require light to be the primary energy source and does not authorize a generic phototrophic or oxygen-qualified identity.
FAPROTAX_Type_of_metabolism	plant_pathogen	METPO:1004003	plant pathogen	biolink:OntologyClass	https://pages.uoregon.edu/slouca/LoucaLab/archive/FAPROTAX/SECTION_Download/MODULE_Downloads/CLASS_Latest%20release/UNIT_FAPROTAX_1.2.12/FAPROTAX_1.2.12.zip|https://w3id.org/metpo/1004003	FAPROTAX 1.2.12 line 5982 defines its plant-pathogen group from the cited NCPPB collection; native METPO defines infection of Viridiplantae. Type the source-column/literal Attribute (original source-use edges remain record-scoped) via has_attribute_type and retain prediction/computational_model, source literal and citation. Source taxonomic extrapolation does not prove pathogenicity of every strain, identify a host species, or establish an observed infection.
BacDive_Cell_shape	coccus-shaped	METPO:1000668	coccus shaped	biolink:OntologyClass	https://raw.githubusercontent.com/thackmann/MicrobeDecoder/872726c257b39d14ffb1827df09127b5c8ef72bb/Database/BacDive/data/cell_shape.csv|https://w3id.org/metpo/1000668|https://raw.githubusercontent.com/thackmann/MicrobeDecoder/872726c257b39d14ffb1827df09127b5c8ef72bb/Database/functions/helperFunctions.R#L568-L599	Exact field-scoped BacDive-origin literal synonym with a textual definition and phenotype ancestry in pinned METPO; The source-column/literal Attribute carries the reviewed native type in its has_attribute_type node slot; original source-use edges remain record-scoped. This does not assert an organism-to-phenotype edge or global synonym.
BacDive_Cell_shape	diplococcus-shaped	METPO:1000671	diplococcus shaped	biolink:OntologyClass	https://raw.githubusercontent.com/thackmann/MicrobeDecoder/872726c257b39d14ffb1827df09127b5c8ef72bb/Database/BacDive/data/cell_shape.csv|https://w3id.org/metpo/1000671|https://raw.githubusercontent.com/thackmann/MicrobeDecoder/872726c257b39d14ffb1827df09127b5c8ef72bb/Database/functions/helperFunctions.R#L568-L599	Exact field-scoped BacDive-origin literal synonym with a textual definition and phenotype ancestry in pinned METPO; The source-column/literal Attribute carries the reviewed native type in its has_attribute_type node slot; original source-use edges remain record-scoped. This does not assert an organism-to-phenotype edge or global synonym.
BacDive_Cell_shape	ellipsoidal	METPO:1000673	ellipsoidal	biolink:OntologyClass	https://raw.githubusercontent.com/thackmann/MicrobeDecoder/872726c257b39d14ffb1827df09127b5c8ef72bb/Database/BacDive/data/cell_shape.csv|https://w3id.org/metpo/1000673|https://raw.githubusercontent.com/thackmann/MicrobeDecoder/872726c257b39d14ffb1827df09127b5c8ef72bb/Database/functions/helperFunctions.R#L568-L599	Exact field-scoped BacDive-origin literal synonym with a textual definition and phenotype ancestry in pinned METPO; The source-column/literal Attribute carries the reviewed native type in its has_attribute_type node slot; original source-use edges remain record-scoped. This does not assert an organism-to-phenotype edge or global synonym.
BacDive_Cell_shape	oval-shaped	METPO:1000678	oval shaped	biolink:OntologyClass	https://raw.githubusercontent.com/thackmann/MicrobeDecoder/872726c257b39d14ffb1827df09127b5c8ef72bb/Database/BacDive/data/cell_shape.csv|https://w3id.org/metpo/1000678|https://raw.githubusercontent.com/thackmann/MicrobeDecoder/872726c257b39d14ffb1827df09127b5c8ef72bb/Database/functions/helperFunctions.R#L568-L599	Exact field-scoped BacDive-origin literal synonym with a textual definition and phenotype ancestry in pinned METPO; The source-column/literal Attribute carries the reviewed native type in its has_attribute_type node slot; original source-use edges remain record-scoped. This does not assert an organism-to-phenotype edge or global synonym.
BacDive_Cell_shape	ovoid-shaped	METPO:1000677	ovoid shaped	biolink:OntologyClass	https://raw.githubusercontent.com/thackmann/MicrobeDecoder/872726c257b39d14ffb1827df09127b5c8ef72bb/Database/BacDive/data/cell_shape.csv|https://w3id.org/metpo/1000677|https://raw.githubusercontent.com/thackmann/MicrobeDecoder/872726c257b39d14ffb1827df09127b5c8ef72bb/Database/functions/helperFunctions.R#L568-L599	Exact field-scoped BacDive-origin literal synonym with a textual definition and phenotype ancestry in pinned METPO; The source-column/literal Attribute carries the reviewed native type in its has_attribute_type node slot; original source-use edges remain record-scoped. This does not assert an organism-to-phenotype edge or global synonym.
BacDive_Cell_shape	pleomorphic-shaped	METPO:1000679	pleomorphic shaped	biolink:OntologyClass	https://raw.githubusercontent.com/thackmann/MicrobeDecoder/872726c257b39d14ffb1827df09127b5c8ef72bb/Database/BacDive/data/cell_shape.csv|https://w3id.org/metpo/1000679|https://raw.githubusercontent.com/thackmann/MicrobeDecoder/872726c257b39d14ffb1827df09127b5c8ef72bb/Database/functions/helperFunctions.R#L568-L599	Exact field-scoped BacDive-origin literal synonym with a textual definition and phenotype ancestry in pinned METPO; The source-column/literal Attribute carries the reviewed native type in its has_attribute_type node slot; original source-use edges remain record-scoped. This does not assert an organism-to-phenotype edge or global synonym.
BacDive_Cell_shape	ring-shaped	METPO:1000680	ring shaped	biolink:OntologyClass	https://raw.githubusercontent.com/thackmann/MicrobeDecoder/872726c257b39d14ffb1827df09127b5c8ef72bb/Database/BacDive/data/cell_shape.csv|https://w3id.org/metpo/1000680|https://raw.githubusercontent.com/thackmann/MicrobeDecoder/872726c257b39d14ffb1827df09127b5c8ef72bb/Database/functions/helperFunctions.R#L568-L599	Exact field-scoped BacDive-origin literal synonym with a textual definition and phenotype ancestry in pinned METPO; The source-column/literal Attribute carries the reviewed native type in its has_attribute_type node slot; original source-use edges remain record-scoped. This does not assert an organism-to-phenotype edge or global synonym.
BacDive_Cell_shape	rod-shaped	METPO:1000681	rod shaped	biolink:OntologyClass	https://raw.githubusercontent.com/thackmann/MicrobeDecoder/872726c257b39d14ffb1827df09127b5c8ef72bb/Database/BacDive/data/cell_shape.csv|https://w3id.org/metpo/1000681|https://raw.githubusercontent.com/thackmann/MicrobeDecoder/872726c257b39d14ffb1827df09127b5c8ef72bb/Database/functions/helperFunctions.R#L568-L599	Exact field-scoped BacDive-origin literal synonym with a textual definition and phenotype ancestry in pinned METPO; The source-column/literal Attribute carries the reviewed native type in its has_attribute_type node slot; original source-use edges remain record-scoped. This does not assert an organism-to-phenotype edge or global synonym.
BacDive_Cell_shape	star-shaped	METPO:1000685	star shaped	biolink:OntologyClass	https://raw.githubusercontent.com/thackmann/MicrobeDecoder/872726c257b39d14ffb1827df09127b5c8ef72bb/Database/BacDive/data/cell_shape.csv|https://w3id.org/metpo/1000685|https://raw.githubusercontent.com/thackmann/MicrobeDecoder/872726c257b39d14ffb1827df09127b5c8ef72bb/Database/functions/helperFunctions.R#L568-L599	Exact field-scoped BacDive-origin literal synonym with a textual definition and phenotype ancestry in pinned METPO; The source-column/literal Attribute carries the reviewed native type in its has_attribute_type node slot; original source-use edges remain record-scoped. This does not assert an organism-to-phenotype edge or global synonym.
BacDive_Cell_shape	vibrio-shaped	METPO:1000686	vibrio shaped	biolink:OntologyClass	https://raw.githubusercontent.com/thackmann/MicrobeDecoder/872726c257b39d14ffb1827df09127b5c8ef72bb/Database/BacDive/data/cell_shape.csv|https://w3id.org/metpo/1000686|https://raw.githubusercontent.com/thackmann/MicrobeDecoder/872726c257b39d14ffb1827df09127b5c8ef72bb/Database/functions/helperFunctions.R#L568-L599	Exact field-scoped BacDive-origin literal synonym with a textual definition and phenotype ancestry in pinned METPO; The source-column/literal Attribute carries the reviewed native type in its has_attribute_type node slot; original source-use edges remain record-scoped. This does not assert an organism-to-phenotype edge or global synonym.
BacDive_Gram_stain	negative	METPO:1000699	gram negative	biolink:OntologyClass	https://raw.githubusercontent.com/thackmann/MicrobeDecoder/872726c257b39d14ffb1827df09127b5c8ef72bb/Database/BacDive/data/gram_stain.csv|https://w3id.org/metpo/1000699|https://raw.githubusercontent.com/thackmann/MicrobeDecoder/872726c257b39d14ffb1827df09127b5c8ef72bb/Database/functions/helperFunctions.R#L568-L599	Exact field-scoped BacDive-origin literal synonym with a textual definition and phenotype ancestry in pinned METPO; The source-column/literal Attribute carries the reviewed native type in its has_attribute_type node slot; original source-use edges remain record-scoped. This does not assert an organism-to-phenotype edge or global synonym.
BacDive_Gram_stain	positive	METPO:1000698	gram positive	biolink:OntologyClass	https://raw.githubusercontent.com/thackmann/MicrobeDecoder/872726c257b39d14ffb1827df09127b5c8ef72bb/Database/BacDive/data/gram_stain.csv|https://w3id.org/metpo/1000698|https://raw.githubusercontent.com/thackmann/MicrobeDecoder/872726c257b39d14ffb1827df09127b5c8ef72bb/Database/functions/helperFunctions.R#L568-L599	Exact field-scoped BacDive-origin literal synonym with a textual definition and phenotype ancestry in pinned METPO; The source-column/literal Attribute carries the reviewed native type in its has_attribute_type node slot; original source-use edges remain record-scoped. This does not assert an organism-to-phenotype edge or global synonym.
BacDive_Gram_stain	variable	METPO:1000700	gram variable	biolink:OntologyClass	https://raw.githubusercontent.com/thackmann/MicrobeDecoder/872726c257b39d14ffb1827df09127b5c8ef72bb/Database/BacDive/data/gram_stain.csv|https://w3id.org/metpo/1000700|https://raw.githubusercontent.com/thackmann/MicrobeDecoder/872726c257b39d14ffb1827df09127b5c8ef72bb/Database/functions/helperFunctions.R#L568-L599	Exact field-scoped BacDive-origin literal synonym with a textual definition and phenotype ancestry in pinned METPO; The source-column/literal Attribute carries the reviewed native type in its has_attribute_type node slot; original source-use edges remain record-scoped. This does not assert an organism-to-phenotype edge or global synonym.
BacDive_Oxygen_tolerance	aerobe	METPO:1000602	aerobic	biolink:OntologyClass	https://raw.githubusercontent.com/thackmann/MicrobeDecoder/872726c257b39d14ffb1827df09127b5c8ef72bb/Database/BacDive/data/oxygen_tolerance.csv|https://w3id.org/metpo/1000602|https://raw.githubusercontent.com/thackmann/MicrobeDecoder/872726c257b39d14ffb1827df09127b5c8ef72bb/Database/functions/helperFunctions.R#L568-L599	Exact field-scoped BacDive-origin literal synonym with a textual definition and phenotype ancestry in pinned METPO; The source-column/literal Attribute carries the reviewed native type in its has_attribute_type node slot; original source-use edges remain record-scoped. This does not assert an organism-to-phenotype edge or global synonym.
BacDive_Oxygen_tolerance	aerotolerant	METPO:1000609	aerotolerant	biolink:OntologyClass	https://raw.githubusercontent.com/thackmann/MicrobeDecoder/872726c257b39d14ffb1827df09127b5c8ef72bb/Database/BacDive/data/oxygen_tolerance.csv|https://w3id.org/metpo/1000609|https://raw.githubusercontent.com/thackmann/MicrobeDecoder/872726c257b39d14ffb1827df09127b5c8ef72bb/Database/functions/helperFunctions.R#L568-L599	Exact field-scoped BacDive-origin literal synonym with a textual definition and phenotype ancestry in pinned METPO; The source-column/literal Attribute carries the reviewed native type in its has_attribute_type node slot; original source-use edges remain record-scoped. This does not assert an organism-to-phenotype edge or global synonym.
BacDive_Oxygen_tolerance	anaerobe	METPO:1000603	anaerobic	biolink:OntologyClass	https://raw.githubusercontent.com/thackmann/MicrobeDecoder/872726c257b39d14ffb1827df09127b5c8ef72bb/Database/BacDive/data/oxygen_tolerance.csv|https://w3id.org/metpo/1000603|https://raw.githubusercontent.com/thackmann/MicrobeDecoder/872726c257b39d14ffb1827df09127b5c8ef72bb/Database/functions/helperFunctions.R#L568-L599	Exact field-scoped BacDive-origin literal synonym with a textual definition and phenotype ancestry in pinned METPO; The source-column/literal Attribute carries the reviewed native type in its has_attribute_type node slot; original source-use edges remain record-scoped. This does not assert an organism-to-phenotype edge or global synonym.
BacDive_Oxygen_tolerance	facultative aerobe	METPO:1000608	facultatively aerobic	biolink:OntologyClass	https://raw.githubusercontent.com/thackmann/MicrobeDecoder/872726c257b39d14ffb1827df09127b5c8ef72bb/Database/BacDive/data/oxygen_tolerance.csv|https://w3id.org/metpo/1000608|https://raw.githubusercontent.com/thackmann/MicrobeDecoder/872726c257b39d14ffb1827df09127b5c8ef72bb/Database/functions/helperFunctions.R#L568-L599	Exact field-scoped BacDive-origin literal synonym with a textual definition and phenotype ancestry in pinned METPO; The source-column/literal Attribute carries the reviewed native type in its has_attribute_type node slot; original source-use edges remain record-scoped. This does not assert an organism-to-phenotype edge or global synonym.
BacDive_Oxygen_tolerance	facultative anaerobe	METPO:1000605	facultatively anaerobic	biolink:OntologyClass	https://raw.githubusercontent.com/thackmann/MicrobeDecoder/872726c257b39d14ffb1827df09127b5c8ef72bb/Database/BacDive/data/oxygen_tolerance.csv|https://w3id.org/metpo/1000605|https://raw.githubusercontent.com/thackmann/MicrobeDecoder/872726c257b39d14ffb1827df09127b5c8ef72bb/Database/functions/helperFunctions.R#L568-L599	Exact field-scoped BacDive-origin literal synonym with a textual definition and phenotype ancestry in pinned METPO; The source-column/literal Attribute carries the reviewed native type in its has_attribute_type node slot; original source-use edges remain record-scoped. This does not assert an organism-to-phenotype edge or global synonym.
BacDive_Oxygen_tolerance	microaerophile	METPO:1000604	microaerophilic	biolink:OntologyClass	https://raw.githubusercontent.com/thackmann/MicrobeDecoder/872726c257b39d14ffb1827df09127b5c8ef72bb/Database/BacDive/data/oxygen_tolerance.csv|https://w3id.org/metpo/1000604|https://raw.githubusercontent.com/thackmann/MicrobeDecoder/872726c257b39d14ffb1827df09127b5c8ef72bb/Database/functions/helperFunctions.R#L568-L599	Exact field-scoped BacDive-origin literal synonym with a textual definition and phenotype ancestry in pinned METPO; The source-column/literal Attribute carries the reviewed native type in its has_attribute_type node slot; original source-use edges remain record-scoped. This does not assert an organism-to-phenotype edge or global synonym.
BacDive_Oxygen_tolerance	microaerotolerant	METPO:1000610	microaerotolerant	biolink:OntologyClass	https://raw.githubusercontent.com/thackmann/MicrobeDecoder/872726c257b39d14ffb1827df09127b5c8ef72bb/Database/BacDive/data/oxygen_tolerance.csv|https://w3id.org/metpo/1000610|https://raw.githubusercontent.com/thackmann/MicrobeDecoder/872726c257b39d14ffb1827df09127b5c8ef72bb/Database/functions/helperFunctions.R#L568-L599	Exact field-scoped BacDive-origin literal synonym with a textual definition and phenotype ancestry in pinned METPO; The source-column/literal Attribute carries the reviewed native type in its has_attribute_type node slot; original source-use edges remain record-scoped. This does not assert an organism-to-phenotype edge or global synonym.
BacDive_Oxygen_tolerance	obligate aerobe	METPO:1000606	obligately aerobic	biolink:OntologyClass	https://raw.githubusercontent.com/thackmann/MicrobeDecoder/872726c257b39d14ffb1827df09127b5c8ef72bb/Database/BacDive/data/oxygen_tolerance.csv|https://w3id.org/metpo/1000606|https://raw.githubusercontent.com/thackmann/MicrobeDecoder/872726c257b39d14ffb1827df09127b5c8ef72bb/Database/functions/helperFunctions.R#L568-L599	Exact field-scoped BacDive-origin literal synonym with a textual definition and phenotype ancestry in pinned METPO; The source-column/literal Attribute carries the reviewed native type in its has_attribute_type node slot; original source-use edges remain record-scoped. This does not assert an organism-to-phenotype edge or global synonym.
BacDive_Oxygen_tolerance	obligate anaerobe	METPO:1000607	obligately anaerobic	biolink:OntologyClass	https://raw.githubusercontent.com/thackmann/MicrobeDecoder/872726c257b39d14ffb1827df09127b5c8ef72bb/Database/BacDive/data/oxygen_tolerance.csv|https://w3id.org/metpo/1000607|https://raw.githubusercontent.com/thackmann/MicrobeDecoder/872726c257b39d14ffb1827df09127b5c8ef72bb/Database/functions/helperFunctions.R#L568-L599	Exact field-scoped BacDive-origin literal synonym with a textual definition and phenotype ancestry in pinned METPO; The source-column/literal Attribute carries the reviewed native type in its has_attribute_type node slot; original source-use edges remain record-scoped. This does not assert an organism-to-phenotype edge or global synonym.
