source_key	source_column	source_literal	target_curie	target_label	target_category	predicate	relation	knowledge_level	agent_type	evidence_type	evidence_uri	curation_rationale
bergey:type_of_metabolism	Bergey_Type_of_metabolism	Fermentation	METPO:1002005	Fermentation	biolink:BiologicalProcess	biolink:capable_of	RO:0002215	knowledge_assertion	manual_agent	source_term_normalization	https://doi.org/10.1126/sciadv.adg8687|https://github.com/thackmann/MicrobeDecoder/blob/872726c257b39d14ffb1827df09127b5c8ef72bb/Database/Bergey/addBergeyLabels.R#L35	The primary methods define fermentation using organic donors and acceptors and exclude nitrate respiration. Normalize the explicit metabolism field only; retain original per-record citations. The pinned upstream commit documents vocabulary, not the exact build of the saved raw CSV.
faprotax:type_of_metabolism	FAPROTAX_Type_of_metabolism	fermentation	METPO:1002005	Fermentation	biolink:BiologicalProcess	biolink:capable_of	RO:0002215	prediction	computational_model	source_term_normalization	https://pages.uoregon.edu/slouca/LoucaLab/archive/FAPROTAX/SECTION_Download/MODULE_Downloads/CLASS_Latest%20release/UNIT_FAPROTAX_1.2.12/FAPROTAX_1.2.12.zip|https://github.com/thackmann/MicrobeDecoder/blob/872726c257b39d14ffb1827df09127b5c8ef72bb/Database/FAPROTAX/getFAPROTAXpredictions.R#L76	FAPROTAX 1.2.12 defines this group as carbon-donor metabolism without an external electron acceptor (definition line 3010). Taxonomic extrapolation remains a prediction; no sample expression or negative assertion follows from this normalization. No FAPROTAX2 rule is licensed.
vpi:type_of_metabolism	VPI_Type_of_metabolism	Fermentation	METPO:1002005	Fermentation	biolink:BiologicalProcess	biolink:capable_of	RO:0002215	knowledge_assertion	manual_agent	source_term_normalization	https://github.com/thackmann/MicrobeDecoder/blob/872726c257b39d14ffb1827df09127b5c8ef72bb/Database/VPI/data/VPI_data.csv|https://www.journalofdairyscience.org/article/S0022-0302%2825%2901048-3/fulltext	The source vocabulary explicitly labels metabolism Fermentation separately from PYG products and strain context. The authors identify the Anaerobe Laboratory Manual (Holdeman, Cato and Moore, 1977). Saved rows lack row/page citations; none are invented and independent experimental rechecking is not claimed.
literature:type_of_metabolism	Literature_Type_of_metabolism	Fermentation	METPO:1002005	Fermentation	biolink:BiologicalProcess	biolink:capable_of	RO:0002215	knowledge_assertion	manual_agent	source_term_normalization	https://doi.org/10.1126/sciadv.adg8687|https://github.com/thackmann/MicrobeDecoder/blob/872726c257b39d14ffb1827df09127b5c8ef72bb/Database/assembleDatabase.R#L716	Primary methods standardize fermentation as catabolism with organic donors and acceptors; the literature assembly carries an explicit metabolism field separately from substrates/products. Retain each original organism citation; this vocabulary normalization is not independent verification of every organism report.
faprotax:type_of_metabolism	FAPROTAX_Type_of_metabolism	nitrogen_fixation	METPO:1005039	nitrogen fixation	biolink:BiologicalProcess	biolink:capable_of	RO:0002215	prediction	computational_model	source_term_normalization	https://pages.uoregon.edu/slouca/LoucaLab/archive/FAPROTAX/SECTION_Download/MODULE_Downloads/CLASS_Latest%20release/UNIT_FAPROTAX_1.2.12/FAPROTAX_1.2.12.zip|https://doi.org/10.1371/journal.pone.0092294	FAPROTAX 1.2.12 identifies nitrogen as acceptor (definition line 1734); its cited Pontibacter experiment reports nitrogenase activity, supporting dinitrogen fixation rather than nitrate reduction or nitrogen assimilation. Preserve taxonomic-prediction provenance; no FAPROTAX2 rule is licensed.
faprotax:type_of_metabolism	FAPROTAX_Type_of_metabolism	methanogenesis	METPO:1000844	Methanogenesis	biolink:BiologicalProcess	biolink:capable_of	RO:0002215	prediction	computational_model	source_term_normalization	https://pages.uoregon.edu/slouca/LoucaLab/archive/FAPROTAX/SECTION_Download/MODULE_Downloads/CLASS_Latest%20release/UNIT_FAPROTAX_1.2.12/FAPROTAX_1.2.12.zip|https://github.com/thackmann/MicrobeDecoder/blob/872726c257b39d14ffb1827df09127b5c8ef72bb/Database/FAPROTAX/functions.R#L35	FAPROTAX 1.2.12 combines methane-producing routes and archaeal groups under methanogenesis (definition line 253), and its parser retains the functional-group name. Preserve taxonomic-prediction provenance; do not infer methane oxidation, substrate use, sample expression, or a FAPROTAX2 assignment.
bergey:type_of_metabolism	Bergey_Type_of_metabolism	Methanogenesis	METPO:1000844	Methanogenesis	biolink:BiologicalProcess	biolink:capable_of	RO:0002215	knowledge_assertion	manual_agent	source_term_normalization	https://github.com/thackmann/MicrobeDecoder/blob/872726c257b39d14ffb1827df09127b5c8ef72bb/Database/Bergey/data/labels.csv	The pinned source vocabulary explicitly labels methanogenesis separately from products; all 142 such vocabulary rows record CH4 as major product. This supports the metabolism term, not a product-only inference or replacement of the saved cohort. Retain original Bergey citations; all source chapters were not independently reread.
literature:type_of_metabolism	Literature_Type_of_metabolism	Methanogenesis	METPO:1000844	Methanogenesis	biolink:BiologicalProcess	biolink:capable_of	RO:0002215	knowledge_assertion	manual_agent	source_term_normalization	https://github.com/thackmann/MicrobeDecoder/blob/872726c257b39d14ffb1827df09127b5c8ef72bb/Database/primary_literature/data/primary_literature_data.csv|https://doi.org/10.1099/ijs.0.63984-0|https://pubmed.ncbi.nlm.nih.gov/23771627/|https://pmc.ncbi.nlm.nih.gov/articles/PMC252229/	Five source vocabulary records explicitly name methanogenesis with CH4 as major product; reviewed primary descriptions demonstrate methanogenic growth. Retain all original citations, including the 1958 M. ruminantium report whose scanned experimental text was not independently read. Do not infer substrate-use or methane-oxidation edges.
faprotax:type_of_metabolism	FAPROTAX_Type_of_metabolism	nitrate_denitrification	GO:0019333	denitrification pathway	biolink:BiologicalProcess	biolink:capable_of	RO:0002215	prediction	computational_model	source_term_normalization	https://pages.uoregon.edu/slouca/LoucaLab/archive/FAPROTAX/SECTION_Download/MODULE_Downloads/CLASS_Latest%20release/UNIT_FAPROTAX_1.2.12/FAPROTAX_1.2.12.zip|https://amigo.geneontology.org/amigo/term/GO:0019333|https://doi.org/10.1099/ijs.0.65342-0	FAPROTAX 1.2.12 lines 1189-1190 specify dissimilatory nitrate-to-dinitrogen reduction, matching the complete GO pathway; generic denitrification and nitrite/nitrous-oxide subgroups are not aliases.
faprotax:type_of_metabolism	FAPROTAX_Type_of_metabolism	aerobic_nitrite_oxidation	GO:0019332	aerobic respiration, using nitrite as electron donor	biolink:BiologicalProcess	biolink:capable_of	RO:0002215	prediction	computational_model	source_term_normalization	https://pages.uoregon.edu/slouca/LoucaLab/archive/FAPROTAX/SECTION_Download/MODULE_Downloads/CLASS_Latest%20release/UNIT_FAPROTAX_1.2.12/FAPROTAX_1.2.12.zip|https://amigo.geneontology.org/amigo/term/GO:0019332|https://doi.org/10.1099/ijs.0.062232-0	FAPROTAX 1.2.12 line 413 specifies aerobic nitrite oxidation with oxygen acceptor, matching the GO nitrite-to-nitrate process; this does not map the broader nitrification union.
faprotax:type_of_metabolism	FAPROTAX_Type_of_metabolism	acetoclastic_methanogenesis	GO:0019385	methanogenesis, from acetate	biolink:BiologicalProcess	biolink:capable_of	RO:0002215	prediction	computational_model	source_term_normalization	https://pages.uoregon.edu/slouca/LoucaLab/archive/FAPROTAX/SECTION_Download/MODULE_Downloads/CLASS_Latest%20release/UNIT_FAPROTAX_1.2.12/FAPROTAX_1.2.12.zip|https://amigo.geneontology.org/amigo/term/GO:0019385|https://doi.org/10.1007/0-387-30743-5_12	FAPROTAX 1.2.12 line 140 defines the acetate-splitting methane-production group, matching GO methanogenesis from acetate; other methane-production or oxidation routes remain distinct.
faprotax:type_of_metabolism	FAPROTAX_Type_of_metabolism	ureolysis	GO:0043419	urea catabolic process	biolink:BiologicalProcess	biolink:capable_of	RO:0002215	prediction	computational_model	source_term_normalization	https://pages.uoregon.edu/slouca/LoucaLab/archive/FAPROTAX/SECTION_Download/MODULE_Downloads/CLASS_Latest%20release/UNIT_FAPROTAX_1.2.12/FAPROTAX_1.2.12.zip|https://amigo.geneontology.org/amigo/term/GO:0043419|https://doi.org/10.1073/pnas.1013488108	FAPROTAX 1.2.12 lines 8518-8519 describe urea breakdown including urease activity and hydrolysis, matching the GO urea catabolic process; no urease molecular-function or organism-level observation is inferred.
faprotax:type_of_metabolism	FAPROTAX_Type_of_metabolism	xylanolysis	GO:0045493	xylan catabolic process	biolink:BiologicalProcess	biolink:capable_of	RO:0002215	prediction	computational_model	source_term_normalization	https://pages.uoregon.edu/slouca/LoucaLab/archive/FAPROTAX/SECTION_Download/MODULE_Downloads/CLASS_Latest%20release/UNIT_FAPROTAX_1.2.12/FAPROTAX_1.2.12.zip|https://amigo.geneontology.org/amigo/term/GO:0045493|https://doi.org/10.1099/ijs.0.63627-0	FAPROTAX 1.2.12 line 2259 names xylan breakdown; its cited complex-polysaccharide degradation study distinguishes xylan from cellulose and chitin, matching this substrate-specific GO process.
faprotax:type_of_metabolism	FAPROTAX_Type_of_metabolism	cellulolysis	GO:0030245	cellulose catabolic process	biolink:BiologicalProcess	biolink:capable_of	RO:0002215	prediction	computational_model	source_term_normalization	https://pages.uoregon.edu/slouca/LoucaLab/archive/FAPROTAX/SECTION_Download/MODULE_Downloads/CLASS_Latest%20release/UNIT_FAPROTAX_1.2.12/FAPROTAX_1.2.12.zip|https://amigo.geneontology.org/amigo/term/GO:0030245|https://doi.org/10.1099/ijs.0.63627-0	FAPROTAX 1.2.12 line 2058 names cellulose breakdown; the cited complex-polysaccharide degradation study supports this process meaning, not a global cellulose-use or cellulase-activity alias.
faprotax:type_of_metabolism	FAPROTAX_Type_of_metabolism	chitinolysis	GO:0006032	chitin catabolic process	biolink:BiologicalProcess	biolink:capable_of	RO:0002215	prediction	computational_model	source_term_normalization	https://pages.uoregon.edu/slouca/LoucaLab/archive/FAPROTAX/SECTION_Download/MODULE_Downloads/CLASS_Latest%20release/UNIT_FAPROTAX_1.2.12/FAPROTAX_1.2.12.zip|https://amigo.geneontology.org/amigo/term/GO:0006032|https://doi.org/10.1099/ijs.0.63627-0	FAPROTAX 1.2.12 line 1374 names chitin breakdown; the cited complex-polysaccharide degradation study distinguishes that polymer, matching the GO chitin catabolic process.
faprotax:type_of_metabolism	FAPROTAX_Type_of_metabolism	ligninolysis	GO:0046274	lignin catabolic process	biolink:BiologicalProcess	biolink:capable_of	RO:0002215	prediction	computational_model	source_term_normalization	https://pages.uoregon.edu/slouca/LoucaLab/archive/FAPROTAX/SECTION_Download/MODULE_Downloads/CLASS_Latest%20release/UNIT_FAPROTAX_1.2.12/FAPROTAX_1.2.12.zip|https://amigo.geneontology.org/amigo/term/GO:0046274|https://doi.org/10.1099/00221287-130-11-2905	FAPROTAX 1.2.12 line 2957 names lignin breakdown; its cited primary radiolabeled-lignin study supports polymer degradation, not merely phenolic-monomer use.
faprotax:type_of_metabolism	FAPROTAX_Type_of_metabolism	hydrocarbon_degradation	GO:0120253	hydrocarbon catabolic process	biolink:BiologicalProcess	biolink:capable_of	RO:0002215	prediction	computational_model	source_term_normalization	https://pages.uoregon.edu/slouca/LoucaLab/archive/FAPROTAX/SECTION_Download/MODULE_Downloads/CLASS_Latest%20release/UNIT_FAPROTAX_1.2.12/FAPROTAX_1.2.12.zip|https://amigo.geneontology.org/amigo/term/GO:0120253|https://doi.org/10.1099/ijs.0.039594-0	FAPROTAX 1.2.12 line 6447 combines methane, aliphatic and aromatic hydrocarbon degradation, matching the GO hydrocarbon breakdown process; narrower hydrocarbon subgroups are not relabeled.
faprotax:type_of_metabolism	FAPROTAX_Type_of_metabolism	knallgas_bacteria	GO:0019412	aerobic respiration, using hydrogen as electron donor	biolink:BiologicalProcess	biolink:capable_of	RO:0002215	prediction	computational_model	source_term_normalization	https://pages.uoregon.edu/slouca/LoucaLab/archive/FAPROTAX/SECTION_Download/MODULE_Downloads/CLASS_Latest%20release/UNIT_FAPROTAX_1.2.12/FAPROTAX_1.2.12.zip|https://amigo.geneontology.org/amigo/term/GO:0019412|https://doi.org/10.1099/00207713-51-5-1853	FAPROTAX 1.2.12 line 1477 specifies hydrogen donor, oxygen acceptor and aerobic metabolism; its cited Hydrogenothermus marinus description demonstrates hydrogen-dependent microaerobic growth. This matches GO aerobic hydrogen respiration without licensing the broader dark_hydrogen_oxidation group, other source columns, or organism-level experimental confirmation.
faprotax:type_of_metabolism	FAPROTAX_Type_of_metabolism	methanotrophy	GO:0046188	methane catabolic process	biolink:BiologicalProcess	biolink:capable_of	RO:0002215	prediction	computational_model	source_term_normalization	https://pages.uoregon.edu/slouca/LoucaLab/archive/FAPROTAX/SECTION_Download/MODULE_Downloads/CLASS_Latest%20release/UNIT_FAPROTAX_1.2.12/FAPROTAX_1.2.12.zip|https://amigo.geneontology.org/amigo/term/GO:0046188|https://doi.org/10.1038/nature12375|https://doi.org/10.1038/nature12619	FAPROTAX 1.2.12 lines 74-77 define methane oxidation with variable acceptors and include nitrate-dependent reverse methanogenesis. Normalize the reported methane-breakdown capability to GO without imposing oxygen dependence, methane-monooxygenase activity, or methane production. The primary study's published equation correction is included; taxonomic assignment remains a prediction.
