source_column	source_literal	scope_definition	evidence_uri	source_version	archive_sha256	member_sha256	source_first_line
FAPROTAX_Type_of_metabolism	aerobic_ammonia_oxidation	Aerobic oxidation of ammonia as an electron donor, with oxygen as the electron acceptor. This source group is the ammonia-oxidizing component of the broader nitrification union.	https://pages.uoregon.edu/slouca/LoucaLab/archive/FAPROTAX/SECTION_Download/MODULE_Downloads/CLASS_Latest%20release/UNIT_FAPROTAX_1.2.12/FAPROTAX_1.2.12.zip	FAPROTAX_1.2.12	87e229e5201c23f8286aeb5f092f50a95bfe6281c7746d89a50c0aac11a5923c	e5b9eead9f936316410c1a3d58aaa5fe4c2fafb8e859d250796ac70486c12963	369
FAPROTAX_Type_of_metabolism	aliphatic_non_methane_hydrocarbon_degradation	Degradation of aliphatic hydrocarbons other than methane. The source distinguishes this group from aromatic-hydrocarbon degradation and methane oxidation; it is not limited to a single alkane substrate.	https://pages.uoregon.edu/slouca/LoucaLab/archive/FAPROTAX/SECTION_Download/MODULE_Downloads/CLASS_Latest%20release/UNIT_FAPROTAX_1.2.12/FAPROTAX_1.2.12.zip	FAPROTAX_1.2.12	87e229e5201c23f8286aeb5f092f50a95bfe6281c7746d89a50c0aac11a5923c	e5b9eead9f936316410c1a3d58aaa5fe4c2fafb8e859d250796ac70486c12963	6413
FAPROTAX_Type_of_metabolism	aromatic_compound_degradation	Degradation of aromatic compounds, excluding the source's separately classified lignin and xylan breakdown. Aromatic hydrocarbons are included, but the group is not restricted to compounds containing only carbon and hydrogen.	https://pages.uoregon.edu/slouca/LoucaLab/archive/FAPROTAX/SECTION_Download/MODULE_Downloads/CLASS_Latest%20release/UNIT_FAPROTAX_1.2.12/FAPROTAX_1.2.12.zip	FAPROTAX_1.2.12	87e229e5201c23f8286aeb5f092f50a95bfe6281c7746d89a50c0aac11a5923c	e5b9eead9f936316410c1a3d58aaa5fe4c2fafb8e859d250796ac70486c12963	6318
FAPROTAX_Type_of_metabolism	aromatic_hydrocarbon_degradation	Degradation of aromatic hydrocarbon substrates. This source group is narrower than its combined hydrocarbon-degradation group and is distinct from the broader aromatic-compound group.	https://pages.uoregon.edu/slouca/LoucaLab/archive/FAPROTAX/SECTION_Download/MODULE_Downloads/CLASS_Latest%20release/UNIT_FAPROTAX_1.2.12/FAPROTAX_1.2.12.zip	FAPROTAX_1.2.12	87e229e5201c23f8286aeb5f092f50a95bfe6281c7746d89a50c0aac11a5923c	e5b9eead9f936316410c1a3d58aaa5fe4c2fafb8e859d250796ac70486c12963	6241
FAPROTAX_Type_of_metabolism	arsenate_detoxification	Dissimilatory reduction of arsenate for detoxification. Respiratory energy conservation is not established merely by membership in this source group.	https://pages.uoregon.edu/slouca/LoucaLab/archive/FAPROTAX/SECTION_Download/MODULE_Downloads/CLASS_Latest%20release/UNIT_FAPROTAX_1.2.12/FAPROTAX_1.2.12.zip	FAPROTAX_1.2.12	87e229e5201c23f8286aeb5f092f50a95bfe6281c7746d89a50c0aac11a5923c	e5b9eead9f936316410c1a3d58aaa5fe4c2fafb8e859d250796ac70486c12963	1028
FAPROTAX_Type_of_metabolism	arsenate_respiration	Anaerobic dissimilatory reduction of arsenate as an electron acceptor for respiratory metabolism.	https://pages.uoregon.edu/slouca/LoucaLab/archive/FAPROTAX/SECTION_Download/MODULE_Downloads/CLASS_Latest%20release/UNIT_FAPROTAX_1.2.12/FAPROTAX_1.2.12.zip	FAPROTAX_1.2.12	87e229e5201c23f8286aeb5f092f50a95bfe6281c7746d89a50c0aac11a5923c	e5b9eead9f936316410c1a3d58aaa5fe4c2fafb8e859d250796ac70486c12963	1049
FAPROTAX_Type_of_metabolism	arsenite_oxidation_detoxification	Oxidation of arsenite associated with detoxification. The source does not impose a single electron acceptor or uniform aerobic condition.	https://pages.uoregon.edu/slouca/LoucaLab/archive/FAPROTAX/SECTION_Download/MODULE_Downloads/CLASS_Latest%20release/UNIT_FAPROTAX_1.2.12/FAPROTAX_1.2.12.zip	FAPROTAX_1.2.12	87e229e5201c23f8286aeb5f092f50a95bfe6281c7746d89a50c0aac11a5923c	e5b9eead9f936316410c1a3d58aaa5fe4c2fafb8e859d250796ac70486c12963	1119
FAPROTAX_Type_of_metabolism	arsenite_oxidation_energy_yielding	Nonphototrophic oxidation of arsenite for energy conservation. The source permits different electron acceptors and includes anaerobic arsenite oxidation.	https://pages.uoregon.edu/slouca/LoucaLab/archive/FAPROTAX/SECTION_Download/MODULE_Downloads/CLASS_Latest%20release/UNIT_FAPROTAX_1.2.12/FAPROTAX_1.2.12.zip	FAPROTAX_1.2.12	87e229e5201c23f8286aeb5f092f50a95bfe6281c7746d89a50c0aac11a5923c	e5b9eead9f936316410c1a3d58aaa5fe4c2fafb8e859d250796ac70486c12963	1140
FAPROTAX_Type_of_metabolism	chlorate_reducers	Source group for chlorate-reducing metabolism, identifying chlorine as an electron-accepting element. The label alone does not specify a particular chlorate-reductase enzyme.	https://pages.uoregon.edu/slouca/LoucaLab/archive/FAPROTAX/SECTION_Download/MODULE_Downloads/CLASS_Latest%20release/UNIT_FAPROTAX_1.2.12/FAPROTAX_1.2.12.zip	FAPROTAX_1.2.12	87e229e5201c23f8286aeb5f092f50a95bfe6281c7746d89a50c0aac11a5923c	e5b9eead9f936316410c1a3d58aaa5fe4c2fafb8e859d250796ac70486c12963	7981
FAPROTAX_Type_of_metabolism	dark_hydrogen_oxidation	Nonphototrophic oxidation of molecular hydrogen as an energy or electron source, in autotrophic or heterotrophic metabolism. Different electron acceptors are permitted; aerobic hydrogen respiration is only one included subgroup.	https://pages.uoregon.edu/slouca/LoucaLab/archive/FAPROTAX/SECTION_Download/MODULE_Downloads/CLASS_Latest%20release/UNIT_FAPROTAX_1.2.12/FAPROTAX_1.2.12.zip	FAPROTAX_1.2.12	87e229e5201c23f8286aeb5f092f50a95bfe6281c7746d89a50c0aac11a5923c	e5b9eead9f936316410c1a3d58aaa5fe4c2fafb8e859d250796ac70486c12963	1522
FAPROTAX_Type_of_metabolism	dark_iron_oxidation	Nonphototrophic oxidation of iron in lithotrophic or heterotrophic metabolism. The source does not require every member to fix carbon dioxide or to use oxygen as the acceptor.	https://pages.uoregon.edu/slouca/LoucaLab/archive/FAPROTAX/SECTION_Download/MODULE_Downloads/CLASS_Latest%20release/UNIT_FAPROTAX_1.2.12/FAPROTAX_1.2.12.zip	FAPROTAX_1.2.12	87e229e5201c23f8286aeb5f092f50a95bfe6281c7746d89a50c0aac11a5923c	e5b9eead9f936316410c1a3d58aaa5fe4c2fafb8e859d250796ac70486c12963	6461
FAPROTAX_Type_of_metabolism	dark_oxidation_of_sulfur_compounds	Nonphototrophic oxidation of sulfur compounds for energy, combining the source's sulfide, elemental-sulfur and thiosulfate oxidation groups.	https://pages.uoregon.edu/slouca/LoucaLab/archive/FAPROTAX/SECTION_Download/MODULE_Downloads/CLASS_Latest%20release/UNIT_FAPROTAX_1.2.12/FAPROTAX_1.2.12.zip	FAPROTAX_1.2.12	87e229e5201c23f8286aeb5f092f50a95bfe6281c7746d89a50c0aac11a5923c	e5b9eead9f936316410c1a3d58aaa5fe4c2fafb8e859d250796ac70486c12963	2819
FAPROTAX_Type_of_metabolism	dark_sulfide_oxidation	Nonphototrophic oxidation of sulfide. The source permits differing electron acceptors and does not impose one uniform sulfur-containing product.	https://pages.uoregon.edu/slouca/LoucaLab/archive/FAPROTAX/SECTION_Download/MODULE_Downloads/CLASS_Latest%20release/UNIT_FAPROTAX_1.2.12/FAPROTAX_1.2.12.zip	FAPROTAX_1.2.12	87e229e5201c23f8286aeb5f092f50a95bfe6281c7746d89a50c0aac11a5923c	e5b9eead9f936316410c1a3d58aaa5fe4c2fafb8e859d250796ac70486c12963	2487
FAPROTAX_Type_of_metabolism	dark_sulfite_oxidation	Nonphototrophic oxidation of sulfite for energy. The source group metadata does not classify this group as aerobic.	https://pages.uoregon.edu/slouca/LoucaLab/archive/FAPROTAX/SECTION_Download/MODULE_Downloads/CLASS_Latest%20release/UNIT_FAPROTAX_1.2.12/FAPROTAX_1.2.12.zip	FAPROTAX_1.2.12	87e229e5201c23f8286aeb5f092f50a95bfe6281c7746d89a50c0aac11a5923c	e5b9eead9f936316410c1a3d58aaa5fe4c2fafb8e859d250796ac70486c12963	746
FAPROTAX_Type_of_metabolism	dark_sulfur_oxidation	Oxidation of elemental sulfur for energy without photosynthesis.	https://pages.uoregon.edu/slouca/LoucaLab/archive/FAPROTAX/SECTION_Download/MODULE_Downloads/CLASS_Latest%20release/UNIT_FAPROTAX_1.2.12/FAPROTAX_1.2.12.zip	FAPROTAX_1.2.12	87e229e5201c23f8286aeb5f092f50a95bfe6281c7746d89a50c0aac11a5923c	e5b9eead9f936316410c1a3d58aaa5fe4c2fafb8e859d250796ac70486c12963	2571
FAPROTAX_Type_of_metabolism	dark_thiosulfate_oxidation	Nonphototrophic oxidation of thiosulfate for energy. A tetrathionate endpoint or a particular electron carrier is not specified for the entire group.	https://pages.uoregon.edu/slouca/LoucaLab/archive/FAPROTAX/SECTION_Download/MODULE_Downloads/CLASS_Latest%20release/UNIT_FAPROTAX_1.2.12/FAPROTAX_1.2.12.zip	FAPROTAX_1.2.12	87e229e5201c23f8286aeb5f092f50a95bfe6281c7746d89a50c0aac11a5923c	e5b9eead9f936316410c1a3d58aaa5fe4c2fafb8e859d250796ac70486c12963	2666
FAPROTAX_Type_of_metabolism	denitrification	Reduction of fixed inorganic nitrogen compounds to dinitrogen, combining nitrate-entry, nitrite-entry and nitrous-oxide-entry routes. Membership does not establish every upstream step of nitrate-to-dinitrogen reduction.	https://pages.uoregon.edu/slouca/LoucaLab/archive/FAPROTAX/SECTION_Download/MODULE_Downloads/CLASS_Latest%20release/UNIT_FAPROTAX_1.2.12/FAPROTAX_1.2.12.zip	FAPROTAX_1.2.12	87e229e5201c23f8286aeb5f092f50a95bfe6281c7746d89a50c0aac11a5923c	e5b9eead9f936316410c1a3d58aaa5fe4c2fafb8e859d250796ac70486c12963	1363
FAPROTAX_Type_of_metabolism	dissimilatory_arsenate_reduction	Union of source groups for dissimilatory arsenate reduction during detoxification or respiration. Neither purpose alone describes the whole group.	https://pages.uoregon.edu/slouca/LoucaLab/archive/FAPROTAX/SECTION_Download/MODULE_Downloads/CLASS_Latest%20release/UNIT_FAPROTAX_1.2.12/FAPROTAX_1.2.12.zip	FAPROTAX_1.2.12	87e229e5201c23f8286aeb5f092f50a95bfe6281c7746d89a50c0aac11a5923c	e5b9eead9f936316410c1a3d58aaa5fe4c2fafb8e859d250796ac70486c12963	1111
FAPROTAX_Type_of_metabolism	dissimilatory_arsenite_oxidation	Union of arsenite oxidation for detoxification and arsenite oxidation for energy conservation. Electron acceptors and oxygen conditions vary across source members.	https://pages.uoregon.edu/slouca/LoucaLab/archive/FAPROTAX/SECTION_Download/MODULE_Downloads/CLASS_Latest%20release/UNIT_FAPROTAX_1.2.12/FAPROTAX_1.2.12.zip	FAPROTAX_1.2.12	87e229e5201c23f8286aeb5f092f50a95bfe6281c7746d89a50c0aac11a5923c	e5b9eead9f936316410c1a3d58aaa5fe4c2fafb8e859d250796ac70486c12963	1164
FAPROTAX_Type_of_metabolism	fumarate_respiration	Anaerobic respiratory metabolism using fumarate as an electron acceptor.	https://pages.uoregon.edu/slouca/LoucaLab/archive/FAPROTAX/SECTION_Download/MODULE_Downloads/CLASS_Latest%20release/UNIT_FAPROTAX_1.2.12/FAPROTAX_1.2.12.zip	FAPROTAX_1.2.12	87e229e5201c23f8286aeb5f092f50a95bfe6281c7746d89a50c0aac11a5923c	e5b9eead9f936316410c1a3d58aaa5fe4c2fafb8e859d250796ac70486c12963	7832
FAPROTAX_Type_of_metabolism	hydrogenotrophic_methanogenesis	Methane production using molecular hydrogen, combining carbon-dioxide reduction and hydrogen-dependent reduction of methyl compounds. Carbon dioxide is not the only possible methane precursor in this source union.	https://pages.uoregon.edu/slouca/LoucaLab/archive/FAPROTAX/SECTION_Download/MODULE_Downloads/CLASS_Latest%20release/UNIT_FAPROTAX_1.2.12/FAPROTAX_1.2.12.zip	FAPROTAX_1.2.12	87e229e5201c23f8286aeb5f092f50a95bfe6281c7746d89a50c0aac11a5923c	e5b9eead9f936316410c1a3d58aaa5fe4c2fafb8e859d250796ac70486c12963	240
FAPROTAX_Type_of_metabolism	iron_respiration	Anaerobic respiratory reduction of iron used as an electron acceptor. This energy-metabolism group is distinct from iron acquisition or assimilatory iron reduction.	https://pages.uoregon.edu/slouca/LoucaLab/archive/FAPROTAX/SECTION_Download/MODULE_Downloads/CLASS_Latest%20release/UNIT_FAPROTAX_1.2.12/FAPROTAX_1.2.12.zip	FAPROTAX_1.2.12	87e229e5201c23f8286aeb5f092f50a95bfe6281c7746d89a50c0aac11a5923c	e5b9eead9f936316410c1a3d58aaa5fe4c2fafb8e859d250796ac70486c12963	6554
FAPROTAX_Type_of_metabolism	manganese_oxidation	Oxidation of manganese. The source permits different acceptors and does not establish energy conservation as the universal purpose.	https://pages.uoregon.edu/slouca/LoucaLab/archive/FAPROTAX/SECTION_Download/MODULE_Downloads/CLASS_Latest%20release/UNIT_FAPROTAX_1.2.12/FAPROTAX_1.2.12.zip	FAPROTAX_1.2.12	87e229e5201c23f8286aeb5f092f50a95bfe6281c7746d89a50c0aac11a5923c	e5b9eead9f936316410c1a3d58aaa5fe4c2fafb8e859d250796ac70486c12963	2847
FAPROTAX_Type_of_metabolism	manganese_respiration	Anaerobic respiratory reduction of manganese used as an electron acceptor.	https://pages.uoregon.edu/slouca/LoucaLab/archive/FAPROTAX/SECTION_Download/MODULE_Downloads/CLASS_Latest%20release/UNIT_FAPROTAX_1.2.12/FAPROTAX_1.2.12.zip	FAPROTAX_1.2.12	87e229e5201c23f8286aeb5f092f50a95bfe6281c7746d89a50c0aac11a5923c	e5b9eead9f936316410c1a3d58aaa5fe4c2fafb8e859d250796ac70486c12963	2902
FAPROTAX_Type_of_metabolism	methanogenesis_by_CO2_reduction_with_H2	Methane production by reducing carbon dioxide with molecular hydrogen as the electron donor.	https://pages.uoregon.edu/slouca/LoucaLab/archive/FAPROTAX/SECTION_Download/MODULE_Downloads/CLASS_Latest%20release/UNIT_FAPROTAX_1.2.12/FAPROTAX_1.2.12.zip	FAPROTAX_1.2.12	87e229e5201c23f8286aeb5f092f50a95bfe6281c7746d89a50c0aac11a5923c	e5b9eead9f936316410c1a3d58aaa5fe4c2fafb8e859d250796ac70486c12963	181
FAPROTAX_Type_of_metabolism	methanogenesis_by_disproportionation_of_methyl_groups	Methane production through disproportionation of methyl groups, without an external electron donor or acceptor in the source group definition.	https://pages.uoregon.edu/slouca/LoucaLab/archive/FAPROTAX/SECTION_Download/MODULE_Downloads/CLASS_Latest%20release/UNIT_FAPROTAX_1.2.12/FAPROTAX_1.2.12.zip	FAPROTAX_1.2.12	87e229e5201c23f8286aeb5f092f50a95bfe6281c7746d89a50c0aac11a5923c	e5b9eead9f936316410c1a3d58aaa5fe4c2fafb8e859d250796ac70486c12963	150
FAPROTAX_Type_of_metabolism	methanogenesis_by_reduction_of_methyl_compounds_with_H2	Methane production by reducing methyl compounds with molecular hydrogen. The source gives methanol as an example but does not restrict the group to methanol.	https://pages.uoregon.edu/slouca/LoucaLab/archive/FAPROTAX/SECTION_Download/MODULE_Downloads/CLASS_Latest%20release/UNIT_FAPROTAX_1.2.12/FAPROTAX_1.2.12.zip	FAPROTAX_1.2.12	87e229e5201c23f8286aeb5f092f50a95bfe6281c7746d89a50c0aac11a5923c	e5b9eead9f936316410c1a3d58aaa5fe4c2fafb8e859d250796ac70486c12963	223
FAPROTAX_Type_of_metabolism	methanogenesis_using_formate	Methane production using formate. The source describes internal conversion of formate to carbon dioxide and hydrogen before methane generation; this does not assert equivalent growth on externally supplied carbon dioxide and hydrogen.	https://pages.uoregon.edu/slouca/LoucaLab/archive/FAPROTAX/SECTION_Download/MODULE_Downloads/CLASS_Latest%20release/UNIT_FAPROTAX_1.2.12/FAPROTAX_1.2.12.zip	FAPROTAX_1.2.12	87e229e5201c23f8286aeb5f092f50a95bfe6281c7746d89a50c0aac11a5923c	e5b9eead9f936316410c1a3d58aaa5fe4c2fafb8e859d250796ac70486c12963	156
FAPROTAX_Type_of_metabolism	methanol_oxidation	Oxidation of methanol with variable electron acceptors and oxygen requirements. The source includes nonmethanogenic organisms and does not require a methyl-coenzyme-M intermediate.	https://pages.uoregon.edu/slouca/LoucaLab/archive/FAPROTAX/SECTION_Download/MODULE_Downloads/CLASS_Latest%20release/UNIT_FAPROTAX_1.2.12/FAPROTAX_1.2.12.zip	FAPROTAX_1.2.12	87e229e5201c23f8286aeb5f092f50a95bfe6281c7746d89a50c0aac11a5923c	e5b9eead9f936316410c1a3d58aaa5fe4c2fafb8e859d250796ac70486c12963	274
FAPROTAX_Type_of_metabolism	nitrate_ammonification	Dissimilatory reduction of nitrate to ammonium, also described by the source as DNRA.	https://pages.uoregon.edu/slouca/LoucaLab/archive/FAPROTAX/SECTION_Download/MODULE_Downloads/CLASS_Latest%20release/UNIT_FAPROTAX_1.2.12/FAPROTAX_1.2.12.zip	FAPROTAX_1.2.12	87e229e5201c23f8286aeb5f092f50a95bfe6281c7746d89a50c0aac11a5923c	e5b9eead9f936316410c1a3d58aaa5fe4c2fafb8e859d250796ac70486c12963	1937
FAPROTAX_Type_of_metabolism	nitrate_reduction	Reduction of nitrate for assimilatory or dissimilatory metabolism. The source explicitly combines these purposes rather than requiring respiration.	https://pages.uoregon.edu/slouca/LoucaLab/archive/FAPROTAX/SECTION_Download/MODULE_Downloads/CLASS_Latest%20release/UNIT_FAPROTAX_1.2.12/FAPROTAX_1.2.12.zip	FAPROTAX_1.2.12	87e229e5201c23f8286aeb5f092f50a95bfe6281c7746d89a50c0aac11a5923c	e5b9eead9f936316410c1a3d58aaa5fe4c2fafb8e859d250796ac70486c12963	7011
FAPROTAX_Type_of_metabolism	nitrate_respiration	Dissimilatory respiratory reduction of nitrate, including source groups that reduce nitrate to dinitrogen or ammonium.	https://pages.uoregon.edu/slouca/LoucaLab/archive/FAPROTAX/SECTION_Download/MODULE_Downloads/CLASS_Latest%20release/UNIT_FAPROTAX_1.2.12/FAPROTAX_1.2.12.zip	FAPROTAX_1.2.12	87e229e5201c23f8286aeb5f092f50a95bfe6281c7746d89a50c0aac11a5923c	e5b9eead9f936316410c1a3d58aaa5fe4c2fafb8e859d250796ac70486c12963	6716
FAPROTAX_Type_of_metabolism	nitrification	Source union of aerobic ammonia oxidation and aerobic nitrite oxidation. A member may perform only one component; this group does not establish a complete two-step pathway in every organism.	https://pages.uoregon.edu/slouca/LoucaLab/archive/FAPROTAX/SECTION_Download/MODULE_Downloads/CLASS_Latest%20release/UNIT_FAPROTAX_1.2.12/FAPROTAX_1.2.12.zip	FAPROTAX_1.2.12	87e229e5201c23f8286aeb5f092f50a95bfe6281c7746d89a50c0aac11a5923c	e5b9eead9f936316410c1a3d58aaa5fe4c2fafb8e859d250796ac70486c12963	431
FAPROTAX_Type_of_metabolism	nitrite_ammonification	Reduction of nitrite to ammonium, including members of the nitrate-ammonification group. Nitrite-entry membership does not itself establish the preceding nitrate-reduction step.	https://pages.uoregon.edu/slouca/LoucaLab/archive/FAPROTAX/SECTION_Download/MODULE_Downloads/CLASS_Latest%20release/UNIT_FAPROTAX_1.2.12/FAPROTAX_1.2.12.zip	FAPROTAX_1.2.12	87e229e5201c23f8286aeb5f092f50a95bfe6281c7746d89a50c0aac11a5923c	e5b9eead9f936316410c1a3d58aaa5fe4c2fafb8e859d250796ac70486c12963	2008
FAPROTAX_Type_of_metabolism	nitrite_denitrification	Reduction of nitrite to dinitrogen, including organisms also assigned to nitrate denitrification. Nitrite-entry membership does not require nitrate-entry capability.	https://pages.uoregon.edu/slouca/LoucaLab/archive/FAPROTAX/SECTION_Download/MODULE_Downloads/CLASS_Latest%20release/UNIT_FAPROTAX_1.2.12/FAPROTAX_1.2.12.zip	FAPROTAX_1.2.12	87e229e5201c23f8286aeb5f092f50a95bfe6281c7746d89a50c0aac11a5923c	e5b9eead9f936316410c1a3d58aaa5fe4c2fafb8e859d250796ac70486c12963	1333
FAPROTAX_Type_of_metabolism	nitrite_respiration	Respiratory metabolism involving nitrite reduction, combining nitrite ammonification, denitrification and anaerobic ammonium oxidation groups.	https://pages.uoregon.edu/slouca/LoucaLab/archive/FAPROTAX/SECTION_Download/MODULE_Downloads/CLASS_Latest%20release/UNIT_FAPROTAX_1.2.12/FAPROTAX_1.2.12.zip	FAPROTAX_1.2.12	87e229e5201c23f8286aeb5f092f50a95bfe6281c7746d89a50c0aac11a5923c	e5b9eead9f936316410c1a3d58aaa5fe4c2fafb8e859d250796ac70486c12963	2028
FAPROTAX_Type_of_metabolism	nitrogen_respiration	Respiratory reduction involving inorganic nitrogen compounds, combining source groups with different nitrogen acceptors and products.	https://pages.uoregon.edu/slouca/LoucaLab/archive/FAPROTAX/SECTION_Download/MODULE_Downloads/CLASS_Latest%20release/UNIT_FAPROTAX_1.2.12/FAPROTAX_1.2.12.zip	FAPROTAX_1.2.12	87e229e5201c23f8286aeb5f092f50a95bfe6281c7746d89a50c0aac11a5923c	e5b9eead9f936316410c1a3d58aaa5fe4c2fafb8e859d250796ac70486c12963	7820
FAPROTAX_Type_of_metabolism	nitrous_oxide_denitrification	Reduction of nitrous oxide to dinitrogen. This group does not by itself establish upstream reduction of nitrate or nitrite.	https://pages.uoregon.edu/slouca/LoucaLab/archive/FAPROTAX/SECTION_Download/MODULE_Downloads/CLASS_Latest%20release/UNIT_FAPROTAX_1.2.12/FAPROTAX_1.2.12.zip	FAPROTAX_1.2.12	87e229e5201c23f8286aeb5f092f50a95bfe6281c7746d89a50c0aac11a5923c	e5b9eead9f936316410c1a3d58aaa5fe4c2fafb8e859d250796ac70486c12963	1348
FAPROTAX_Type_of_metabolism	plastic_degradation	Source grouping for degradation of listed plastic-associated substances, including phthalate compounds, terephthalate and polyurethane. The group mixes monomers or additives with polymers and does not imply polymer breakdown for every member.	https://pages.uoregon.edu/slouca/LoucaLab/archive/FAPROTAX/SECTION_Download/MODULE_Downloads/CLASS_Latest%20release/UNIT_FAPROTAX_1.2.12/FAPROTAX_1.2.12.zip	FAPROTAX_1.2.12	87e229e5201c23f8286aeb5f092f50a95bfe6281c7746d89a50c0aac11a5923c	e5b9eead9f936316410c1a3d58aaa5fe4c2fafb8e859d250796ac70486c12963	8444
FAPROTAX_Type_of_metabolism	reductive_acetogenesis	Production of acetate by respiratory metabolism of carbon dioxide or carbon monoxide. The source group alone does not establish acetate as the sole or primary fermentation product.	https://pages.uoregon.edu/slouca/LoucaLab/archive/FAPROTAX/SECTION_Download/MODULE_Downloads/CLASS_Latest%20release/UNIT_FAPROTAX_1.2.12/FAPROTAX_1.2.12.zip	FAPROTAX_1.2.12	87e229e5201c23f8286aeb5f092f50a95bfe6281c7746d89a50c0aac11a5923c	e5b9eead9f936316410c1a3d58aaa5fe4c2fafb8e859d250796ac70486c12963	9011
FAPROTAX_Type_of_metabolism	respiration_of_sulfur_compounds	Union of source groups for respiratory reduction of sulfite, elemental sulfur, sulfate and thiosulfate.	https://pages.uoregon.edu/slouca/LoucaLab/archive/FAPROTAX/SECTION_Download/MODULE_Downloads/CLASS_Latest%20release/UNIT_FAPROTAX_1.2.12/FAPROTAX_1.2.12.zip	FAPROTAX_1.2.12	87e229e5201c23f8286aeb5f092f50a95bfe6281c7746d89a50c0aac11a5923c	e5b9eead9f936316410c1a3d58aaa5fe4c2fafb8e859d250796ac70486c12963	1018
FAPROTAX_Type_of_metabolism	sulfate_respiration	Anaerobic respiratory metabolism using sulfate as an electron acceptor. This dissimilatory process is not sulfate incorporation into biomass.	https://pages.uoregon.edu/slouca/LoucaLab/archive/FAPROTAX/SECTION_Download/MODULE_Downloads/CLASS_Latest%20release/UNIT_FAPROTAX_1.2.12/FAPROTAX_1.2.12.zip	FAPROTAX_1.2.12	87e229e5201c23f8286aeb5f092f50a95bfe6281c7746d89a50c0aac11a5923c	e5b9eead9f936316410c1a3d58aaa5fe4c2fafb8e859d250796ac70486c12963	439
FAPROTAX_Type_of_metabolism	sulfite_respiration	Dissimilatory respiratory reduction of sulfite. Membership does not establish upstream activation or reduction of sulfate.	https://pages.uoregon.edu/slouca/LoucaLab/archive/FAPROTAX/SECTION_Download/MODULE_Downloads/CLASS_Latest%20release/UNIT_FAPROTAX_1.2.12/FAPROTAX_1.2.12.zip	FAPROTAX_1.2.12	87e229e5201c23f8286aeb5f092f50a95bfe6281c7746d89a50c0aac11a5923c	e5b9eead9f936316410c1a3d58aaa5fe4c2fafb8e859d250796ac70486c12963	767
FAPROTAX_Type_of_metabolism	sulfur_respiration	Respiratory reduction of elemental sulfur, as specified by the source group comment.	https://pages.uoregon.edu/slouca/LoucaLab/archive/FAPROTAX/SECTION_Download/MODULE_Downloads/CLASS_Latest%20release/UNIT_FAPROTAX_1.2.12/FAPROTAX_1.2.12.zip	FAPROTAX_1.2.12	87e229e5201c23f8286aeb5f092f50a95bfe6281c7746d89a50c0aac11a5923c	e5b9eead9f936316410c1a3d58aaa5fe4c2fafb8e859d250796ac70486c12963	569
FAPROTAX_Type_of_metabolism	thiosulfate_respiration	Anaerobic respiratory reduction of thiosulfate used as an electron acceptor.	https://pages.uoregon.edu/slouca/LoucaLab/archive/FAPROTAX/SECTION_Download/MODULE_Downloads/CLASS_Latest%20release/UNIT_FAPROTAX_1.2.12/FAPROTAX_1.2.12.zip	FAPROTAX_1.2.12	87e229e5201c23f8286aeb5f092f50a95bfe6281c7746d89a50c0aac11a5923c	e5b9eead9f936316410c1a3d58aaa5fe4c2fafb8e859d250796ac70486c12963	867
